environment,path,bytes,sha256
archive,README.md,5493,ee0080904f1048d4daba75e79a2d26d5ceb1a3193f89ada08a2f01be867ea7d6
cloud,cloud/cloud_wan_summary.csv,3518,1e90c0466ebe6abc4882a8d2202f561c272962cbcdb25b39d1be56571ad495a8
cloud,cloud/summaries/bench-1-10-1-True-120000-512-narwhal-run1.txt,744,404f678888c2456a7118926b5f07492d60991ba6777f30214d7bcb9f5ef40325
cloud,cloud/summaries/bench-1-10-1-True-120000-512-noveldag-run1.txt,746,0075cfc4d18450d64a0cf18483dbf4c60cbe82b9c3207f4b8253b3b3578ca63b
cloud,cloud/summaries/bench-1-10-1-True-150000-512-narwhal-run1.txt,746,0cad4b82e84f61de29aa14d2d2b3ffdb7500eed1515ddfd5f32ac558f22b1b4f
cloud,cloud/summaries/bench-1-10-1-True-150000-512-noveldag-run1.txt,746,f78a32ef8c5058037de77bdbcbd19e848c6aff49cff84d1e5365d93281a5962e
cloud,cloud/summaries/bench-1-10-1-True-180000-512-narwhal-run1.txt,746,b50f03bf98c87890d7e04185094a0f6cedf8ed2eb896ce44ffc71e377606dd0c
cloud,cloud/summaries/bench-1-10-1-True-180000-512-noveldag-run1.txt,746,eb974dd17cf34d36e9bef7c44119affa8bfe719cd34a1164a3c16017c9ed05af
cloud,cloud/summaries/bench-1-10-1-True-210000-512-narwhal-run1.txt,746,e2a10aaa1dbb7a9218b6d9b62c3717c47bd2446045fdc744e79e3387bede2004
cloud,cloud/summaries/bench-1-10-1-True-210000-512-noveldag-run1.txt,746,23ede9d4dba5cb58bb39cc2deb276a256f26f79d62941d762d3e7755da08fa10
cloud,cloud/summaries/bench-1-10-1-True-240000-512-narwhal-run1.txt,746,597dc3feaa1f22cd315d518f221b31082e05ad14c3dc776f8c58163354335d4c
cloud,cloud/summaries/bench-1-10-1-True-240000-512-noveldag-run1.txt,746,b7ade63d25b505b5fcb0ad9a37f85a0691db53b13fda70ffcdf940c5c47e8365
cloud,cloud/summaries/bench-1-10-1-True-240000-512-wahoo-run1.txt,746,87c17e56b51d7cde799495cd678708f27d88df7360231bd4a6a555488d27b524
cloud,cloud/summaries/bench-1-10-1-True-30000-512-narwhal-run1.txt,743,8e111d349c4a715f2ac926e6e00efc15a535b7eb6654107ed156daf245e46b5c
cloud,cloud/summaries/bench-1-10-1-True-30000-512-noveldag-run1.txt,743,8849678753321bf1ed7ecbdfdaa006ea0c32dd58841d49e72f370fcd9093ea50
cloud,cloud/summaries/bench-1-10-1-True-60000-512-narwhal-run1.txt,743,913ed89f619a2c60060bb812915b3e25c3dc52437982051e2afbb0738f3c6933
cloud,cloud/summaries/bench-1-10-1-True-60000-512-noveldag-run1.txt,743,1ad38e9331439dd3e8f90e14ef991f9330c9023834879936c5e93eddd760a34b
cloud,cloud/summaries/bench-1-10-1-True-90000-512-narwhal-run1.txt,743,f147f158a2941096da0ed168b8e11a0a65270368472bf44cd1800ce5b080edd6
cloud,cloud/summaries/bench-1-10-1-True-90000-512-noveldag-run1.txt,743,27dc83ca288d7c18202875e4973a2e68bfee793a805336285b7e2bc0267886f4
local,local/csv/bench_runs.csv,122,14fc5d1c1985d8e7ec236cb03cc17a411121798f15b605f1ebd153aeb37178b7
local,local/csv/local_rtt_sweep_280k_runs.csv,10019,7fb85787d22daacbf655173227d7db990c3616c55aa79a13d6ed4440ef238eed
local,local/csv/local_rtt_sweep_280k_runs_with_rtt.csv,3584,1a7ebbc5411a77296d71e366d17f72ef8bd7f43b2cee60d08048d91c76050c97
local,local/csv/rtt_sweep_results.csv,22926,ee43306a5a1a2f9e483affb10b1f90d9d3e32493da3b1310369c250569f7cdd6
local,local/csv/runner_fix_probe_runs.csv,177,9e72b071f27eddd28e294919d2355bede8238d04514ac640b213f8382aa09c16
local,local/csv/sailfin_f0_250k_fastpath_probe_runs.csv,179,f4e12318497c97f25238bd9e28c9ea3f847ab1158d555aa80064340842c274d5
local,local/csv/sailfin_smoke_compare2_runs.csv,541,3dd8f35e5cdf37f7997882bb716401e08f8ebc8b483a113e7996ed10076e6f11
local,local/csv/shortfin_f0_250k_supp_runs.csv,180,664dd2079a7cfd5a4494f19be683e783f1c780ba4d9392fda422f0aa98ea7848
local,local/csv/shortfin_sailfin_f0_250k_after_fastlog_runs.csv,547,7c93ccb054b3fbdc1f7fbd610971cdffd321f8a145c1dbf04beb47f12aaab473
local,local/csv/shortfin_sailfin_f0_250k_runs.csv,473,539c5dfebfa6ebd7d85dbf1f818a6ff4f133549c0142e75f5b09b40b54ade49f
local,local/csv/shortfin_sailfin_f0_330k_d30_runs.csv,164,bcb398a89a62af356dc0dd7f17abd9dbccdfd8f65402c2abcb60aef21b03538f
local,local/csv/shortfin_sailfin_f0_330k_runs.csv,499,26c0e25dd82855e7bb720f2f508bb7deca9da589bdda8e2a5a85e072ffbdf752
