protocol,faults,delay_ms,rate,run,tps,latency_ms
narwhal,0,0,60000,1,54686.952413692416,541.8951281079922
narwhal,0,0,60000,2,55746.77312168917,501.43593104284435
narwhal,0,0,60000,3,52850.75515919202,645.6482492951839
narwhal,0,0,60000,mean,54428.2,563.0
narwhal,0,0,130000,1,118077.9715195838,563.1888942928995
narwhal,0,0,130000,2,114108.02392539392,534.0944562460795
narwhal,0,0,130000,3,114059.44532538859,636.3080904526093
narwhal,0,0,130000,mean,115415.1,577.9
narwhal,0,0,200000,1,166298.91886275838,627.4762237392276
narwhal,0,0,200000,2,179574.5823605205,526.7057109593695
narwhal,0,0,200000,3,179884.45424863877,567.3469897154923
narwhal,0,0,200000,mean,175252.7,573.8
wahoo,0,0,60000,1,43962.970507607235,247.3545151543591
wahoo,0,0,60000,2,42096.84389987469,239.09688875886945
wahoo,0,0,60000,3,42998.888255144186,244.67985662399914
wahoo,0,0,60000,mean,43019.6,243.7
wahoo,0,0,130000,1,90612.10352421297,374.50328188860703
wahoo,0,0,130000,2,91834.92651606238,468.8791477232441
wahoo,0,0,130000,3,92769.02825188011,462.5915027911367
wahoo,0,0,130000,mean,91738.7,435.3
wahoo,0,0,200000,1,136931.83659194355,766.8841079903317
wahoo,0,0,200000,2,136385.09736882432,718.3085513932265
wahoo,0,0,200000,3,129132.96952969756,818.8146780933313
wahoo,0,0,200000,mean,134150.0,768.0
wahoo,0,0,270000,1,134312.84082009547,851.5739957669747
wahoo,0,0,270000,2,134480.05766407808,837.993179638378
wahoo,0,0,270000,3,145704.81897768326,808.8981926943479
wahoo,0,0,270000,mean,138165.9,832.8
narwhal,1,0,60000,1,54263.36837595557,586.6779553688178
narwhal,1,0,60000,2,52322.18554214045,724.4510361030276
narwhal,1,0,60000,3,55572.13301040512,582.6678603887558
narwhal,1,0,60000,mean,54052.6,631.3
narwhal,1,0,130000,1,115467.75221310358,689.8322981824443
narwhal,1,0,130000,2,115602.0569770256,624.0677713636445
narwhal,1,0,130000,3,115343.09593498362,604.2023809300517
narwhal,1,0,130000,mean,115471.0,639.4
narwhal,1,0,200000,1,174067.07090274733,631.8925431402249
narwhal,1,0,200000,2,122486.84278483392,884.5130369483662
narwhal,1,0,200000,3,173499.21682688422,643.3476194405007
narwhal,1,0,200000,mean,156684.4,719.9
wahoo,1,0,60000,1,46620.1601732875,269.11547628499693
wahoo,1,0,60000,2,46799.107826292,236.10167933210138
wahoo,1,0,60000,3,46325.300541474244,227.85941455057
wahoo,1,0,60000,mean,46581.5,244.4
wahoo,1,0,130000,1,101718.61589078199,377.42877902663895
wahoo,1,0,130000,2,101197.81234339952,389.0725623158848
wahoo,1,0,130000,3,101274.9355733904,377.10073722895316
wahoo,1,0,130000,mean,101397.1,381.2
wahoo,1,0,200000,1,149375.20172747987,679.476194016747
wahoo,1,0,200000,2,150235.53576705328,545.7762498445006
wahoo,1,0,200000,3,151735.43664710954,553.4338850699489
wahoo,1,0,200000,mean,150448.7,592.9
wahoo,1,0,270000,1,187190.81899355192,505.8025772348105
wahoo,1,0,270000,2,185366.88678736473,552.82359389395
wahoo,1,0,270000,3,186749.898933502,572.8038897737861
wahoo,1,0,270000,mean,186435.9,543.8
narwhal,3,0,60000,1,58695.351595928565,647.2077714027586
narwhal,3,0,60000,2,58562.64438371947,719.9132524405148
narwhal,3,0,60000,3,58650.71221880286,589.5033714336317
narwhal,3,0,60000,mean,58636.2,652.2
narwhal,3,0,130000,1,127249.70303212687,650.7574734294714
narwhal,3,0,130000,2,126704.37045731256,669.5586434558932
narwhal,3,0,130000,3,127039.1580766459,752.8749503870466
narwhal,3,0,130000,mean,126997.7,691.1
narwhal,3,0,200000,1,194641.52950496337,819.8965117033677
narwhal,3,0,200000,2,194847.52100953885,770.9594995764237
narwhal,3,0,200000,3,194877.0390952774,717.0483613316017
narwhal,3,0,200000,mean,194788.7,769.3
wahoo,3,0,60000,1,59802.170188885335,162.64042719988757
wahoo,3,0,60000,2,59659.61291018825,157.96452445952414
wahoo,3,0,60000,3,59974.866199683434,167.48478069226928
wahoo,3,0,60000,mean,59812.2,162.7
wahoo,3,0,130000,1,129014.39072361079,220.1669194046091
wahoo,3,0,130000,2,129861.0051439451,183.35009865533738
wahoo,3,0,130000,3,129418.25216132785,205.0741148251359
wahoo,3,0,130000,mean,129431.2,202.9
wahoo,3,0,200000,1,199059.0315808035,275.21982984538073
wahoo,3,0,200000,2,199058.99211322443,291.6485418839028
wahoo,3,0,200000,3,197911.26087406767,256.2355777673554
wahoo,3,0,200000,mean,198676.4,274.4
wahoo,3,0,270000,1,245274.4983975466,411.8658182058228
wahoo,3,0,270000,2,243847.0840859567,395.3618191231817
wahoo,3,0,270000,3,250906.73504265136,376.34124070662676
wahoo,3,0,270000,mean,246676.1,394.5
narwhal,0,50,60000,1,52169.11793584792,3795.819970315376
narwhal,0,50,60000,2,52726.80147910462,3574.3890419798663
narwhal,0,50,60000,3,52315.66313338804,4550.8671861381645
narwhal,0,50,60000,mean,52403.9,3973.7
narwhal,0,50,130000,1,114521.54364753817,3373.8513138236067
narwhal,0,50,130000,2,115172.54072457744,3302.1787275402444
narwhal,0,50,130000,3,114606.51018140108,3508.3205981667656
narwhal,0,50,130000,mean,114766.9,3394.8
narwhal,0,50,200000,1,67848.66657225591,3963.6697990949765
narwhal,0,50,200000,2,7948.804356622958,8911.31521826205
narwhal,0,50,200000,3,25015.44032842828,10200.917536085779
narwhal,0,50,200000,mean,33604.3,7692.0
narwhal,0,50,270000,1,26373,15321.234234
narwhal,0,50,270000,2,20464.762375124563,16225.982367541988
narwhal,0,50,270000,3,26298.88752040139,11273.978279984514
narwhal,0,50,270000,mean,23381.8,13750.0
noveldag,0,50,60000,1,54980.4201781332,2542.850363911606
noveldag,0,50,60000,2,54057.20088582986,2530.330666057118
noveldag,0,50,60000,3,55284.41789602283,2560.7060303445905
noveldag,0,50,60000,mean,54774.0,2544.6
noveldag,0,50,130000,1,119379.07981547771,2541.840361448932
noveldag,0,50,130000,2,119277.74381695747,2560.2889758601073
noveldag,0,50,130000,3,119814.73208896203,2551.1908990635848
noveldag,0,50,130000,mean,119490.5,2551.1
noveldag,0,50,200000,1,59.69230769230769,1624.000072479248
noveldag,0,50,200000,2,144631.863813034,3023.8339199629477
noveldag,0,50,200000,3,147243.41608787942,2588.9769010818923
noveldag,0,50,200000,mean,97311.7,2412.3
noveldag,0,50,270000,1,41639.63379040317,3268.602961870893
noveldag,0,50,270000,2,39432.0838688747564,1633.000135421753
noveldag,0,50,270000,3,43792.39987260010112,1626.000165939331
noveldag,0,50,270000,mean,41743.4,2175.9
wahoo,0,50,60000,1,56402.81354898887,1856.4343713149874
wahoo,0,50,60000,2,56340.601842000375,1863.1625501558967
wahoo,0,50,60000,3,55500.05830652942,1858.4133110219432
wahoo,0,50,60000,mean,56081.2,1859.3
wahoo,0,50,130000,1,122379.04685466434,1932.180368937736
wahoo,0,50,130000,2,122605.41162479603,1879.62157819999
wahoo,0,50,130000,3,121704.87618332318,1900.5901745108306
wahoo,0,50,130000,mean,122229.8,1904.1
wahoo,0,50,200000,1,180677.9277150914,1986.9745547954853
wahoo,0,50,200000,2,185814.0017809502,1929.591303913298
wahoo,0,50,200000,3,187738.66436410166,1993.3075151302278
wahoo,0,50,200000,mean,184743.5,1970.0
wahoo,0,50,270000,1,199386.06680076828,1999.1753345294346
wahoo,0,50,270000,2,214836.76411198088,2012.480770995733
wahoo,0,50,270000,3,209357.93939320286,1966.791303771447
wahoo,0,50,270000,mean,207860.3,1992.8
narwhal,1,50,60000,1,52850.29869160606,4212.526876430221
narwhal,1,50,60000,2,51431.10039046318,3950.7687379528024
narwhal,1,50,60000,3,52951.724573556014,4186.8458642920905
narwhal,1,50,60000,mean,52411.0,4116.7
narwhal,1,50,130000,1,110619.37413674203,3603.0963384290826
narwhal,1,50,130000,2,114260.3832353804,3494.6469886700916
narwhal,1,50,130000,3,115733.25247414663,3502.2984327994686
narwhal,1,50,130000,mean,113537.7,3533.3
narwhal,1,50,200000,1,167515.27856111576,3449.6092191548864
narwhal,1,50,200000,2,169986.4414367678,4037.89747662052
narwhal,1,50,200000,3,172159.7617206301,3531.42891619679
narwhal,1,50,200000,mean,169887.2,3673.0
narwhal,1,50,270000,1,125396.29599605278,4016.21956337582
narwhal,1,50,270000,2,36333.6243131682,7603.28321562612
narwhal,1,50,270000,3,152336.329059493,3364.5163232308846
narwhal,1,50,270000,mean,104688.7,4994.7
noveldag,1,50,60000,1,54971.21936169327,2693.780438796334
noveldag,1,50,60000,2,55383.67356911769,2526.211974431301
noveldag,1,50,60000,3,55431.255806460525,2834.812724122814
noveldag,1,50,60000,mean,55262.0,2684.9
noveldag,1,50,130000,1,120209.31860856,2856.8810887164896
noveldag,1,50,130000,2,108625.66964945235,2582.307448790441
noveldag,1,50,130000,3,119768.85625642513,2540.406442520356
noveldag,1,50,130000,mean,116201.3,2659.9
noveldag,1,50,200000,1,179244.3543545355,2428.8245945
noveldag,1,50,200000,2,169717.46442710445,2624.0870114063273
noveldag,1,50,200000,3,181203.05067577475,2603.290697037219
noveldag,1,50,200000,mean,175460.3,2613.7
noveldag,1,50,270000,1,174642.2637011676,2605.38678826051
noveldag,1,50,270000,2,167745.03856838585,2601.776816032745
noveldag,1,50,270000,3,154347.65751765712,2555.159425823859
noveldag,1,50,270000,mean,165578.3,2587.4
wahoo,1,50,60000,1,56698.99574767334,1922.5752648740713
wahoo,1,50,60000,2,56444.48938958662,1981.7629539634127
wahoo,1,50,60000,3,56362.524362337615,1805.7369479521074
wahoo,1,50,60000,mean,56502.0,1903.4
wahoo,1,50,130000,1,122420.87663927847,2105.8429575639257
wahoo,1,50,130000,2,122928.9574585642,2125.199921760144
wahoo,1,50,130000,3,121282.18045552386,1899.3166222435077
wahoo,1,50,130000,mean,122210.7,2043.5
wahoo,1,50,200000,1,185979.82141401476,2021.049785753644
wahoo,1,50,200000,2,190170.33002034287,2122.094444480913
wahoo,1,50,200000,3,186105.22479460677,1886.7502163129259
wahoo,1,50,200000,mean,187418.5,2010.0
wahoo,1,50,270000,1,219256.30249626003,2115.8967087171172
wahoo,1,50,270000,2,198812.84586247368,2078.469504769184
wahoo,1,50,270000,3,212622.0682347504,2101.569633240506
wahoo,1,50,270000,mean,210230.4,2098.6
narwhal,3,50,60000,1,53489.05519366144,3322.522185742855
narwhal,3,50,60000,2,53192.2151421507,3009.2755919652627
narwhal,3,50,60000,3,53311.78512902401,3174.115265343862
narwhal,3,50,60000,mean,53331.0,3168.6
narwhal,3,50,130000,1,114617.28078816672,3216.3336747365797
narwhal,3,50,130000,2,116037.18717023746,3011.393019202706
narwhal,3,50,130000,3,115969.66656176443,3562.327117422198
narwhal,3,50,130000,mean,115541.4,3263.4
narwhal,3,50,200000,1,170545.2148403962,3595.8822961879114
narwhal,3,50,200000,2,176475.9046942749,3302.6614109033144
narwhal,3,50,200000,3,173213.2201228763,3540.4613171202786
narwhal,3,50,200000,mean,173411.4,3479.7
narwhal,3,50,270000,1,187969.04186344813,3275.4942327918866
narwhal,3,50,270000,2,180247.33872984268,3283.7751017315427
narwhal,3,50,270000,3,185987.24598719398,4350.421451571528
narwhal,3,50,270000,mean,184734.5,3636.6
noveldag,3,50,60000,1,55264.068792275524,2845.534560473069
noveldag,3,50,60000,2,55182.546797715324,3176.542494372417
noveldag,3,50,60000,3,55355.13630042105,3794.1833990800546
noveldag,3,50,60000,mean,55267.3,3272.1
noveldag,3,50,130000,1,120070.7414748572,2861.951311320772
noveldag,3,50,130000,2,120606.06943323069,2866.4363285076793
noveldag,3,50,130000,3,120416.2864296852,2924.4516649086045
noveldag,3,50,130000,mean,120364.4,2884.3
noveldag,3,50,200000,1,184222.82036329166,2897.9701616864577
noveldag,3,50,200000,2,180575.06194716177,4008.1372130492205
noveldag,3,50,200000,3,183520.70495927893,2907.6462379268087
noveldag,3,50,200000,mean,182772.9,3271.3
noveldag,3,50,270000,1,195123.381438725,3633.0143494884346
noveldag,3,50,270000,2,191637.4103599509,3975.9540415236584
noveldag,3,50,270000,3,194343.74187577303,3168.2847051603153
noveldag,3,50,270000,mean,193701.5,3592.4
wahoo,3,50,60000,1,57095.76892585396,1741.9812453346215
wahoo,3,50,60000,2,57191.054779000624,2720.111447678515
wahoo,3,50,60000,3,56848.90951172052,1929.826409925922
wahoo,3,50,60000,mean,57045.2,2130.6
wahoo,3,50,130000,1,124572.932768111,2079.490265627639
wahoo,3,50,130000,2,124591.0599332353,1836.7067673397887
wahoo,3,50,130000,3,124458.2506646088,1922.305902892893
wahoo,3,50,130000,mean,124540.7,1946.2
wahoo,3,50,200000,1,191564.9764621012,1935.7130236886626
wahoo,3,50,200000,2,188620.4735703525,1994.4112366791794
wahoo,3,50,200000,3,187337.29217473275,1820.4020448017998
wahoo,3,50,200000,mean,189174.2,1916.8
wahoo,3,50,270000,1,214686.80647466626,2286.505849463732
wahoo,3,50,270000,2,215906.6583576758,1923.468365658255
wahoo,3,50,270000,3,215341.74853644733,2109.126936472379
wahoo,3,50,270000,mean,215311.7,2106.4
narwhal,0,100,60000,1,27781.14518188848,6046.214680956758
narwhal,0,100,60000,2,33937.566751751736,7945.590371810473
narwhal,0,100,60000,3,30497.934738160413,6545.582127215257
narwhal,0,100,60000,mean,30738.9,6845.8
narwhal,0,100,130000,1,91361.37786337677,6935.363848665927
narwhal,0,100,130000,2,88397.43341248631,6681.5526552109095
narwhal,0,100,130000,3,88881.30837475508,6543.104190039739
narwhal,0,100,130000,mean,89546.7,6720.0
narwhal,0,100,200000,1,98634.44570813916,8591.871105790755
narwhal,0,100,200000,2,98628.96678788445,7088.883679365021
narwhal,0,100,200000,3,97983.28474666979,7563.328742669299
narwhal,0,100,200000,mean,98415.6,7748.0
narwhal,0,100,270000,1,74848.33495572387,6403.304194111422
narwhal,0,100,270000,2,98437.69778230597,6716.93048946193
narwhal,0,100,270000,3,97465.49478477176,7111.948563538654
narwhal,0,100,270000,mean,90250.5,6744.1
wahoo,0,100,60000,1,52359.78835992377,3608.275226285308
wahoo,0,100,60000,2,52320.81565810187,3626.261860838433
wahoo,0,100,60000,3,52420.83386129524,3617.7457741735093
wahoo,0,100,60000,mean,52367.1,3617.4
wahoo,0,100,130000,1,114187.46294421227,3662.066916916408
wahoo,0,100,130000,2,114164.93589381422,3684.2389180890473
wahoo,0,100,130000,3,113931.89731758111,3687.6131169477662
wahoo,0,100,130000,mean,114094.8,3678.0
wahoo,0,100,200000,1,135619.28804304064,3679.8202986062065
wahoo,0,100,200000,2,134900.2118544078,3639.7079834604565
wahoo,0,100,200000,3,135445.01249506703,3694.0481055886257
wahoo,0,100,200000,mean,135321.5,3671.2
wahoo,0,100,270000,1,135999.00827251634,3664.3695540834165
wahoo,0,100,270000,2,135128.9324224553,3666.4109844933146
wahoo,0,100,270000,3,136136.08828198083,3676.7258971429915
wahoo,0,100,270000,mean,135754.7,3669.2
narwhal,1,100,60000,1,42161.850676899194,7082.777722014322
narwhal,1,100,60000,2,33760.07128895414,6799.325608929922
narwhal,1,100,60000,3,41581.31642233008,7133.870342746377
narwhal,1,100,60000,mean,39167.7,7005.3
narwhal,1,100,130000,1,92449.50508933583,6318.877198953568
narwhal,1,100,130000,2,91495.76369782102,6476.649963107005
narwhal,1,100,130000,3,92672.3004203594,6441.31853795085
narwhal,1,100,130000,mean,92205.9,6412.3
narwhal,1,100,200000,1,90432.59822280967,6942.85888668442
narwhal,1,100,200000,2,90434.58668705744,7319.890723569053
narwhal,1,100,200000,3,92468.28090197191,6351.935829743847
narwhal,1,100,200000,mean,91111.8,6871.6
narwhal,1,100,270000,1,92180.90579394718,6968.908348283568
narwhal,1,100,270000,2,92308.35339615334,6304.960208790406
narwhal,1,100,270000,3,92596.10388663833,7287.009134909607
narwhal,1,100,270000,mean,92361.8,6853.6
wahoo,1,100,60000,1,53292.159296391175,3498.0437034980746
wahoo,1,100,60000,2,51729.84229517747,3944.048633250587
wahoo,1,100,60000,3,53150.11755715059,3499.505246825596
wahoo,1,100,60000,mean,52724.0,3647.2
wahoo,1,100,130000,1,116445.06814202665,3533.1705584116903
wahoo,1,100,130000,2,116046.06666666667,3523.59344488071
wahoo,1,100,130000,3,115671.4877618182,3564.2097759505973
wahoo,1,100,130000,mean,116054.2,3540.3
wahoo,1,100,200000,1,127160.82005973907,3554.7207882874613
wahoo,1,100,200000,2,126425.4027194859,3492.153806592674
wahoo,1,100,200000,3,126010.25684502865,3620.9081949156807
wahoo,1,100,200000,mean,126532.2,3555.9
wahoo,1,100,270000,1,127838.1010743475,3574.141665814334
wahoo,1,100,270000,2,125108.58733145951,3815.152045192681
wahoo,1,100,270000,3,122582.37538625684,3585.6932180319977
wahoo,1,100,270000,mean,125176.4,3658.3
narwhal,3,100,60000,1,42656.10805955617,6895.998448824403
narwhal,3,100,60000,2,42673.76267313993,8528.14949412955
narwhal,3,100,60000,3,42340.410333050335,6565.13650140097
narwhal,3,100,60000,mean,42556.8,7329.8
narwhal,3,100,130000,1,50097.6860831669,6903.326100507144
narwhal,3,100,130000,2,68093.43764677439,6782.61337007663
narwhal,3,100,130000,3,30993.322111464127,5778.610215086231
narwhal,3,100,130000,mean,49728.1,6488.2
narwhal,3,100,200000,1,49142.55202277718,5976.742211356759
narwhal,3,100,200000,2,66889.31354403417,6577.341145160151
narwhal,3,100,200000,3,46226.518165517315,6198.386175010857
narwhal,3,100,200000,mean,54086.1,6250.8
narwhal,3,100,270000,1,65017.04162100222,5958.964956283569
narwhal,3,100,270000,2,49229.08444679976,6130.6311041809795
narwhal,3,100,270000,3,60669.66008737619,5988.082159799598
narwhal,3,100,270000,mean,58305.3,6025.9
wahoo,3,100,60000,1,54673.94031540794,3876.82075555614
wahoo,3,100,60000,2,53527.06669251558,4416.140836984377
wahoo,3,100,60000,3,52098.96825104184,3132.003452576382
wahoo,3,100,60000,mean,53433.3,3808.3
wahoo,3,100,130000,1,98306.74514437128,3799.061132038876
wahoo,3,100,130000,2,97339.95661990745,3224.4539296219687
wahoo,3,100,130000,3,59795.05341985693,3151.5191295594545
wahoo,3,100,130000,mean,85147.3,3391.7
wahoo,3,100,200000,1,89282.84786661487,3182.3962227914412
wahoo,3,100,200000,2,86187.63761053143,3720.4196820555826
wahoo,3,100,200000,3,92154.65155716914,3750.7137915084572
wahoo,3,100,200000,mean,89208.4,3551.2
wahoo,3,100,270000,1,95820.04548254647,5080.40883562838
wahoo,3,100,270000,2,90440.94194633169,3546.698953777527
wahoo,3,100,270000,3,60911.19266750492,3116.5159585104648
wahoo,3,100,270000,mean,82390.7,3914.5
noveldag,0,100,60000,1,55643.075348,2576.720699
noveldag,0,100,60000,2,57306.340602,2831.283089
noveldag,0,100,60000,3,58350.809672,2719.086482
noveldag,0,100,60000,mean,57100.1,2709.0
noveldag,0,100,130000,1,127158.074004,2797.072801
noveldag,0,100,130000,2,127401.312922,2757.497948
noveldag,0,100,130000,3,127464.402360,2755.329286
noveldag,0,100,130000,mean,127341.3,2770.0
noveldag,0,100,270000,1,136651.581670,2714.207191
noveldag,0,100,270000,2,142993.402964,2709.487114
noveldag,0,100,270000,3,140335.860652,2707.942044
noveldag,0,100,270000,mean,139993.6,2710.5
noveldag,1,100,60000,1,56977.621048,3467.172215
noveldag,1,100,60000,2,57410.043051,2847.096906
noveldag,1,100,60000,3,58605.979202,2789.599225
noveldag,1,100,60000,mean,57664.5,3034.6
noveldag,1,100,130000,1,125485.422657,2747.101738
noveldag,1,100,130000,2,127301.108590,2951.575330
noveldag,1,100,130000,3,125591.349786,3496.632169
noveldag,1,100,130000,mean,126126.0,3065.1
noveldag,1,100,200000,1,131759.474965,3621.872848
noveldag,1,100,200000,2,134417.470032,2742.055413
noveldag,1,100,200000,3,136707.187771,3520.760639
noveldag,1,100,200000,mean,134294.7,3294.9
noveldag,1,100,270000,1,134688.338222,2762.220500
noveldag,1,100,270000,2,135549.160180,2737.983163
noveldag,1,100,270000,3,132916.446167,2713.273342
noveldag,1,100,270000,mean,134384.6,2737.8
noveldag,3,100,60000,1,57516.436180,3432.589442
noveldag,3,100,60000,2,56929.755894,2791.144926
noveldag,3,100,60000,3,57580.791789,3445.919617
noveldag,3,100,60000,mean,57342.3,3223.2
noveldag,3,100,130000,1,104985.090101,5164.852173
noveldag,3,100,130000,2,113133.019556,3486.423600
noveldag,3,100,130000,3,95772.145149,2832.524094
noveldag,3,100,130000,mean,104630.1,3827.9
noveldag,3,100,200000,1,102371.144906,2824.358360
noveldag,3,100,200000,2,106204.884030,3551.628501
noveldag,3,100,200000,3,105719.031125,4756.895787
noveldag,3,100,200000,mean,104765.0,3711.0
noveldag,3,100,270000,1,108011.296220,5152.817112
noveldag,3,100,270000,2,107863.498766,4847.137682
noveldag,3,100,270000,3,109186.029217,2728.801796
noveldag,3,100,270000,mean,108353.6,4242.9
noveldag,0,100,200000,1,132209.990363,3093.312834
noveldag,0,100,200000,2,147033.048048,2749.816853
noveldag,0,100,200000,3,137682.370104,2745.449511
noveldag,0,100,200000,mean,138975.1,2862.9
noveldag,0,0,60000,1,59212.906522,449.472096
noveldag,0,0,60000,2,59669.535495,428.212458
noveldag,0,0,60000,3,59911.025269,425.835311
noveldag,0,0,60000,mean,59597.822429,434.506622
noveldag,0,0,130000,1,129967.733425,432.940843
noveldag,0,0,130000,2,128980.379062,444.205408
noveldag,0,0,130000,3,129947.770564,443.894790
noveldag,0,0,130000,mean,129631.961017,440.347013
noveldag,0,0,200000,1,197585.843041,441.454701
noveldag,0,0,200000,2,196147.150466,440.496831
noveldag,0,0,200000,3,195367.004350,442.333803
noveldag,0,0,200000,mean,196366.665952,441.428445
noveldag,0,0,270000,1,248161.221988,417.330449
noveldag,0,0,270000,2,190135.103880,379.491806
noveldag,0,0,270000,3,255559.966808,429.564097
noveldag,0,0,270000,mean,231285.430892,408.795451
noveldag,1,0,60000,1,59685.382710,608.513623
noveldag,1,0,60000,2,59578.964394,441.880270
noveldag,1,0,60000,3,59689.529202,435.646472
noveldag,1,0,60000,mean,59651.292102,495.346788
noveldag,1,0,130000,1,129831.855470,449.704492
noveldag,1,0,130000,2,129635.089142,442.095338
noveldag,1,0,130000,3,129855.397700,441.471904
noveldag,1,0,130000,mean,129774.114104,444.423911
noveldag,1,0,200000,1,197556.582004,453.737729
noveldag,1,0,200000,2,198373.892061,611.209286
noveldag,1,0,200000,3,197980.860488,572.225023
noveldag,1,0,200000,mean,197970.444851,545.724013
noveldag,1,0,270000,1,226670.476190,422.401631
noveldag,1,0,270000,2,254886.496484,592.265051
noveldag,1,0,270000,3,258531.875461,541.080197
noveldag,1,0,270000,mean,246696.282712,518.582293
noveldag,3,0,60000,1,59617.301449,722.698321
noveldag,3,0,60000,2,59702.842391,841.732083
noveldag,3,0,60000,3,59353.959661,878.857135
noveldag,3,0,60000,mean,59558.034500,814.429180
noveldag,3,0,130000,1,129637.442222,843.134179
noveldag,3,0,130000,2,129822.285979,851.051736
noveldag,3,0,130000,3,130004.030934,834.475018
noveldag,3,0,130000,mean,129821.253045,842.886978
noveldag,3,0,200000,1,197902.491908,584.682840
noveldag,3,0,200000,2,198268.236258,996.986265
noveldag,3,0,200000,3,197975.704024,833.274477
noveldag,3,0,200000,mean,198048.810730,804.981194
noveldag,3,0,270000,1,264025.368910,572.573455
noveldag,3,0,270000,2,264121.891398,851.564786
noveldag,3,0,270000,3,265819.823349,741.173481
noveldag,3,0,270000,mean,264655.694553,721.770574
narwhal,0,0,270000,1,138442.852480,981.879337
narwhal,0,0,270000,2,133980.042898,933.343163
narwhal,0,0,270000,3,133819.092751,1029.936692
narwhal,0,0,270000,mean,135413.996043,981.719731
narwhal,1,0,270000,1,176700.748303,881.512088
narwhal,1,0,270000,2,164556.798402,1001.387386
narwhal,1,0,270000,3,165006.985936,1053.881506
narwhal,1,0,270000,mean,168754.844213,978.926993
narwhal,3,0,270000,1,260334.559785,806.029742
narwhal,3,0,270000,2,260978.442994,881.298168
narwhal,3,0,270000,3,260271.811148,880.106829
narwhal,3,0,270000,mean,260528.271309,855.811579
narwhal,0,0,340000,1,34358.721839,3239.036739
narwhal,0,0,340000,2,72456.944069,1398.823528
narwhal,0,0,340000,3,34802.942668,2475.579534
narwhal,0,0,340000,mean,47206.202858,2371.146600
noveldag,0,0,340000,1,275655.904287,430.175745
noveldag,0,0,340000,2,206109.805381,273.536420
noveldag,0,0,340000,3,266604.565657,421.328401
noveldag,0,0,340000,mean,249456.758441,375.013522
wahoo,0,0,340000,1,131762.812048,897.938306
wahoo,0,0,340000,2,122685.818828,945.631565
wahoo,0,0,340000,3,134684.406729,982.683001
wahoo,0,0,340000,mean,129711.012535,942.084290
